Age,Sex,Pclass,Survived,Sex_encoded
37.450712295168486,male,3,0,1
27.92603548243223,female,1,1,0
39.715328071510385,male,1,0,1
52.84544784612038,female,3,1,0
26.48769937914996,male,3,1,1
26.48794564576229,male,1,0,1
53.688192232610874,male,1,1,1
41.51152093729363,male,1,0,1
22.95788421097572,female,2,1,0
38.13840065378947,male,3,1,1
23.048734607813067,female,2,0,0
23.014053696446148,male,3,1,1
33.629434073490515,male,3,0,1
1.300796330133032,male,3,0,1
4.126232512304508,female,3,1,0
21.56568706138541,male,3,0,1
14.807533194983643,female,3,1,0
34.71370998892911,female,3,1,0
16.37963886718184,female,2,1,0
8.815444479970626,female,1,1,0
51.98473153382331,female,1,1,0
26.613355492701967,female,2,0,0
31.01292307031886,female,2,1,0
8.628777206798148,female,2,0,0
21.83425913212226,female,2,0,0
31.66383884564799,male,3,0,1
12.735096338665457,male,1,1,1
35.63547027518508,male,3,1,1
20.990419651217927,male,1,1,1
25.624593753100847,male,1,1,1
20.974400816559047,female,2,1,0
57.78417276763407,female,3,1,0
29.79754162893099,female,2,1,0
14.134336065661495,female,3,1,0
42.338173681547836,female,1,1,0
11.687345250434667,female,2,1,0
33.132953925071334,female,2,1,0
0.6049481418033658,male,1,1,1
10.077209266523543,male,1,1,1
32.952918538036855,male,1,0,1
41.07699869993115,male,2,1,1
32.57052421784956,female,3,1,0
28.26527576417639,female,2,0,0
25.483444566160667,female,3,0,0
7.822170144488588,male,2,0,1
19.20233687407937,female,2,1,0
23.090418435603187,female,1,0,0
45.856833393283736,female,3,1,0
35.15427434352692,male,2,1,1
3.554397669558991,female,2,1,0
34.86125954092192,male,1,1,1
24.223765793755252,male,1,0,1
19.84616999541062,male,3,0,1
39.175144332613016,male,2,1,1
45.46499283743927,female,3,1,0
43.96920178674298,male,2,1,1
17.41173715166042,male,3,1,1
25.361814362231783,female,1,0,0
34.96895147105346,female,2,1,0
44.63317690683539,male,3,0,1
22.81238643232065,female,1,1,0
27.215115350042744,male,1,0,1
13.404975389909577,male,3,1,1
12.056900638789937,male,2,1,1
42.18788733591297,male,2,0,1
50.34360042856234,female,1,1,0
28.91984817629499,male,2,1,1
45.052993468380365,female,2,1,0
35.424540375714514,female,2,0,0
20.323203680923136,female,1,0,0
35.42093408262621,female,3,1,0
53.07054849698954,male,2,0,1
29.462609413350727,female,1,0,0
53.46965483721009,male,1,0,1
-9.296176561346165,female,3,1,0
42.32853756562836,female,2,0,0
31.30570602357257,male,2,0,1
25.514889743011988,male,3,1,1
31.376411648032533,male,3,1,1
0.18646628098660756,female,1,1,0
26.70492168243732,female,1,1,0
35.3566885726762,male,3,0,1
52.16841067112274,male,2,0,1
22.22594672589529,male,1,1,1
17.872595956602186,male,1,1,1
22.47364434623195,female,2,1,0
43.731031765531114,male,1,1,1
34.93126664489527,male,2,0,1
22.05359694349442,male,2,0,1
37.699011496700344,male,2,0,1
31.456163240220604,female,3,0,0
44.52967485799334,male,3,1,1
19.469203591839715,female,3,1,0
25.085067801033475,male,2,1,1
24.118377703017636,male,2,0,1
8.047275778018221,female,3,1,0
34.44180415596864,male,1,0,1
33.91582908269834,female,2,1,0
30.076701849636912,female,1,1,0
26.481192999372794,male,1,1,1
8.769438869243785,female,2,0,0
23.690320158519615,female,2,1,0
24.85928225209846,female,1,1,0
17.965840961675717,female,1,1,0
27.580714325009865,female,3,1,0
36.060762852218076,female,3,1,0
58.29278851815795,female,2,1,0
32.61866719247759,female,3,1,0
33.86325586084146,male,3,1,1
28.88331126350749,male,3,1,1
1.2184317705143783,female,3,1,0
29.602291868261748,male,1,1,1
30.903453149115396,female,2,1,0
66.94863168727929,female,3,1,0
27.11458552828316,male,1,1,1
34.523210135004184,female,1,1,0
29.47932345442135,female,1,1,0
12.46982943570702,female,3,1,0
47.14234221772531,female,3,0,0
41.27899549030161,male,2,1,1
41.865479205645705,female,3,0,0
16.359188178078917,female,3,0,0
51.041914664041485,female,1,1,0
8.972234058115788,male,2,1,1
38.80285640700406,female,3,1,0
62.856834387149675,male,3,1,1
15.141955123039676,male,1,0,1
21.50553405595842,female,1,0,0
31.494770476314617,female,3,1,0
22.447865188257012,male,2,0,1
6.740048534008011,female,2,1,0
31.02844462209041,male,1,0,1
14.065444294108428,male,1,0,1
37.10388645952772,female,3,0,0
16.208636486492953,female,1,1,0
53.24901607526309,male,3,1,1
18.251200614956446,male,2,1,1
25.169077256914868,male,2,0,1
42.202758260545046,male,3,0,1
11.537035253490671,female,1,0,0
33.41189901906194,female,2,1,0
49.60714131423642,female,1,1,0
5.887751481581589,female,2,0,0
32.769507877984566,female,3,1,0
33.89824191372635,male,3,1,1
41.72734307665966,female,3,1,0
11.445739336828773,female,2,1,0
10.193150803735854,female,1,0,0
37.829123484253465,female,1,0,0
34.45477009849779,female,1,1,0
33.75739275518815,male,2,0,1
35.19672314245464,male,2,1,1
19.79962917632264,male,2,1,1
33.48380545741505,female,2,1,0
34.39608709948022,male,2,0,1
19.28472872960448,male,1,1,1
57.986617667171345,female,2,1,0
37.10749381367681,female,2,0,0
12.130447541960272,female,1,1,0
39.84830412950745,male,2,0,1
15.379774946590178,male,1,1,1
41.806269056136784,female,1,1,0
47.378933685111065,female,3,0,0
17.689765224724344,male,3,1,1
44.45064193866483,male,3,0,1
36.191713904047475,female,3,1,0
42.33090239991735,female,2,1,0
58.451894739809205,male,3,0,1
26.319178259956942,female,1,1,0
18.693957534637654,male,2,1,1
16.65728355561715,male,3,0,1
17.762845725518424,male,1,1,1
28.843474358788438,male,2,0,1
35.117279622249654,female,2,1,0
34.150361989950284,female,3,0,0
42.40774873554036,male,2,0,1
30.195028378168605,male,1,0,1
51.80301115735975,male,2,1,1
26.03014750143066,male,1,1,1
70.80253749884429,male,2,0,1
39.385010216475095,female,3,0,0
17.142636653755762,female,1,1,0
13.936612529083316,female,2,1,0
37.23708622864778,female,2,1,0
26.648058220112237,male,2,1,1
40.71000741138138,male,1,0,1
37.09856436860317,male,1,1,1
28.90756631014691,male,1,1,1
17.298094228973923,male,3,1,1
7.277291629712032,female,3,0,0
23.302275718994686,male,1,1,1
42.84598191485209,female,2,0,0
33.21140616195306,female,3,1,0
11.31391831932018,female,1,0,0
32.59771388776773,female,2,1,0
35.77976069593255,male,3,1,1
16.742138456983007,female,2,0,0
32.305876589182915,female,2,1,0
30.873130776689997,female,2,1,0
12.855445532540653,male,2,1,1
35.36681040522425,male,3,1,1
38.41176789552352,male,3,0,1
46.245768647629156,female,3,0,0
45.80703078052355,female,1,1,0
9.334959480643633,male,3,0,1
15.932624401273157,female,2,0,0
37.7255290081299,male,3,1,1
37.706789263683135,male,2,0,1
37.72571529459072,female,1,1,0
87.79097235982081,female,2,0,0
38.56335766039751,female,2,0,0
47.03348460270898,female,2,1,0
44.310026452398034,male,1,1,1
39.77086876958697,male,3,1,1
25.270961330394815,male,3,0,1
41.38453830739901,male,1,1,1
18.407621781936424,male,2,1,1
26.447720898899867,female,3,0,0
22.719546782563448,male,1,0,1
31.228112090794838,male,3,1,1
64.71987850010262,male,1,1,1
1.9910221111237796,female,2,1,0
40.2939028556177,female,3,0,0
5.8092619321552235,female,1,0,0
22.9210220131585,female,3,1,0
46.33425895451049,male,3,0,1
30.964200286431943,male,3,0,1
13.83382833106041,female,3,1,0
19.270444361100477,female,1,0,0
40.19396623402014,male,2,1,1
19.04450052424295,male,1,1,1
33.246878843729625,female,1,1,0
30.683577598557207,female,1,1,0
20.225994785912743,female,2,1,0
62.15916133987989,female,3,0,0
39.50878533477017,male,3,0,1
-0.37713879986410603,male,3,1,1
32.796814721541416,male,2,1,1
20.073203028474182,female,3,1,0
42.78650002194336,female,2,1,0
18.112188923509493,male,3,1,1
28.278953377996515,male,3,1,1
37.57480918470686,male,1,1,1
42.98632791255182,male,2,1,1
11.995553894163358,female,1,0,0
24.982481462385774,male,1,1,1
22.875820332585658,male,1,1,1
20.200061511394324,male,2,1,1
56.481813604216455,male,2,1,1
36.07472566441433,male,3,0,1
11.086740684974323,male,1,1,1
43.767929205821645,male,3,0,1
61.8323429551895,female,1,1,0
45.486978908267204,female,2,1,0
7.209450510689798,female,2,0,0
22.73648890700623,female,2,1,0
49.00366723779934,male,1,0,1
19.38495801571829,female,2,1,0
36.657291422193424,female,1,1,0
41.61951080144005,male,3,1,1
16.096042926328757,male,1,0,1
29.107119659073,female,3,1,0
-18.61901010103609,female,1,1,0
14.634185379985652,male,3,1,1
26.211477729102597,female,2,1,0
11.283252270527257,male,3,1,1
54.486169558974524,male,2,1,1
8.547879330590511,male,2,1,1
23.399332699545244,male,3,1,1
31.96110865929137,female,1,1,0
51.619099335991734,male,1,1,1
8.462067732308409,male,1,0,1
47.447456282324396,female,1,0,0
30.153495915293806,male,1,0,1
15.277370234280736,female,2,0,0
36.93155211394906,female,1,1,0
32.98589543360205,female,2,0,0
20.99674684261808,male,2,0,1
31.047031274850283,female,2,1,0
24.220296047073596,female,3,0,0
31.70276017876872,male,3,1,1
39.9319601178157,female,2,1,0
53.79025224218028,female,3,1,0
11.432767517597263,female,1,1,0
61.995500619843995,female,1,0,0
0.7186830071624719,female,2,1,0
27.72322357446625,male,1,1,1
38.82475809726865,female,2,0,0
34.21487801602549,female,2,1,0
20.659507202691096,male,1,0,1
26.878166244640873,male,3,0,1
22.604985980117508,male,1,0,1
21.15952864583683,female,1,1,0
42.744031455315366,male,2,1,1
35.35523228947571,female,2,1,0
19.606356071090186,female,2,0,0
43.493998131498756,male,2,1,1
34.60949281314914,male,3,1,1
42.1929317825844,female,3,1,0
39.44443262885419,male,3,1,1
17.565074836168918,female,2,1,0
21.597284397045456,male,2,0,1
41.20940407684893,male,2,0,1
39.155553981501974,male,3,1,1
29.686476090537777,female,2,0,0
31.75991074963173,male,1,0,1
49.16497343682637,female,1,1,0
21.12642916746255,female,2,1,0
38.20646071755057,female,1,1,0
26.96711021349159,female,1,0,0
26.734781951591696,male,3,1,1
46.48165277980785,female,2,0,0
42.38124523482045,female,2,1,0
42.20264454000958,male,3,0,1
49.582182107314935,female,1,1,0
30.315057624491384,male,1,0,1
40.22929456942446,female,2,0,0
25.34599865109816,male,1,1,1
34.86249528732663,female,3,1,0
28.04785418448473,male,3,0,1
31.45493947489077,female,2,1,0
38.9273553815537,female,3,0,0
17.72668975149791,male,3,1,1
61.3858091352819,male,2,0,1
14.909739277504471,male,3,1,1
11.787170808184019,male,3,1,1
47.37166310250102,female,3,1,0
41.87494040944404,female,1,1,0
39.36179725578233,male,2,0,1
39.4251826389642,female,2,1,0
29.81629840729628,male,2,0,1
16.541184427712526,male,1,0,1
31.137068372905894,female,1,0,0
19.842574327318324,female,2,1,0
44.62679600126627,female,1,1,0
27.79413927746792,female,2,0,0
17.617542048112327,female,1,1,0
25.179212375205097,female,3,1,0
36.193971814134365,female,3,1,0
21.54413170794038,male,2,1,1
17.666694066503528,male,1,0,1
33.65530817237868,male,1,1,1
33.674498566630845,male,3,1,1
22.395852369433054,male,3,1,1
22.93442541572516,female,1,0,0
33.480749060364545,male,1,1,1
8.278734877540138,male,1,1,1
8.888043384351672,male,1,1,1
19.22333668121346,male,1,0,1
26.79829272432229,male,1,0,1
34.66361348397007,male,2,1,1
52.13034325424328,male,1,0,1
42.86489434803029,female,3,1,0
27.600922050548593,female,2,0,0
29.714756881459667,male,1,0,1
14.962059530432867,female,3,1,0
29.722302960114153,female,2,1,0
25.670120416197925,female,3,0,0
34.84077840507134,female,1,1,0
17.591535846715153,male,1,0,1
37.79019771361759,female,1,1,0
52.99108369503867,female,1,1,0
28.368597773147137,female,2,0,0
36.02567583148412,male,2,0,1
40.352159875666686,male,3,1,1
23.981692921712458,male,1,0,1
33.36138722715625,male,3,1,1
30.18888601172692,male,2,0,1
31.465141478232475,male,1,0,1
18.404853242168002,male,1,1,1
30.36765261388414,female,2,1,0
37.46997436868175,female,2,1,0
51.767154116925624,female,2,1,0
44.3890623912781,male,2,1,1
62.29773686267335,male,2,0,1
18.489786556679256,male,1,1,1
43.08480955081017,male,2,0,1
32.75013008607527,male,1,1,1
62.847043998265086,female,1,1,0
17.87552571967273,female,2,0,0
17.40417236728836,male,2,0,1
21.009110318339665,male,1,0,1
-1.8584358646471024,male,2,0,1
22.113674674788584,male,2,1,1
18.61301007669453,female,2,1,0
32.25590679714311,male,3,1,1
35.12633963665739,male,1,0,1
58.14256258823829,male,3,1,1
44.256357572790755,male,2,0,1
21.346445165063955,female,3,1,0
16.52377992977463,male,2,0,1
37.37878757259759,male,3,1,1
10.196501894690368,female,2,1,0
57.47188148781531,female,3,0,0
47.69160181081931,female,3,1,0
22.962365218429426,male,3,0,1
4.302982063636836,male,1,1,1
50.30808561248119,female,3,1,0
28.281902321210733,female,1,0,0
48.56724467960193,female,2,0,0
6.083585118084493,female,3,0,0
21.009374655693406,female,2,0,0
30.078655495772747,female,2,0,0
30.70470890647113,male,3,1,1
23.249017927811344,male,1,0,1
39.34274898521248,male,3,0,1
13.985693559261083,female,2,1,0
27.864307724680597,female,2,1,0
31.804434475678484,female,3,1,0
37.71658251088124,female,1,1,0
40.674223171333345,female,1,0,0
13.130368622431963,female,2,1,0
6.988287438965667,male,2,0,1
49.16515232847763,male,1,0,1
34.98471017969388,female,3,1,0
18.772701951651698,male,2,0,1
53.26727963283784,female,1,0,0
31.73511951439288,male,2,1,1
47.689457760957396,female,3,1,0
31.012777221151634,female,1,1,0
60.91121887322981,male,2,1,1
56.33011263664807,male,3,1,1
26.265537772813897,female,2,1,0
44.57356426431533,female,3,0,0
39.680639243777215,male,3,0,1
50.52947336298523,male,1,1,1
15.526148091298433,female,3,1,0
40.29077189997659,male,2,1,1
45.876367302743816,female,3,1,0
3.618907703653285,female,3,1,0
12.251122310013372,female,1,1,0
-0.5884826664015073,female,3,1,0
25.958897483331633,male,3,1,1
40.76313383693943,male,2,0,1
52.53535578144042,male,1,0,1
31.11142170629663,male,1,0,1
54.42923318356938,male,1,0,1
9.29847812677663,male,3,0,1
4.449263409672682,male,1,1,1
29.166784516550717,female,3,1,0
35.76098173408961,male,3,0,1
29.509578778588605,male,2,1,1
-1.011631500598149,female,2,1,0
28.663199407308174,male,2,0,1
10.432957492427203,male,2,0,1
40.04508823245058,female,2,1,0
35.498973691452726,male,3,1,1
15.90180320508967,male,3,0,1
22.291996239949597,male,1,0,1
14.111797171665726,female,3,1,0
29.05981354090242,male,3,0,1
44.327134807518576,male,2,0,1
15.214109304966843,female,3,0,0
37.560697732767665,male,2,0,1
22.04613572441339,female,1,1,0
18.106907516064837,female,1,0,0
28.394544600681634,male,3,1,1
14.47136516370939,female,1,1,0
21.69526041979227,female,3,1,0
12.031831611167274,male,1,1,1
59.47087699374584,female,2,1,0
30.52895327957593,female,2,1,0
19.504117380111218,male,2,1,1
33.20969866101333,male,2,1,1
28.315079254637553,male,3,0,1
26.685456007001655,female,1,1,0
39.21250050065138,male,3,0,1
41.36261565070958,female,2,0,0
22.04248278584209,female,3,0,0
21.362726390329797,female,1,1,0
25.87422454272534,female,3,1,0
-4.528817471033776,female,1,1,0
7.272134067021717,female,3,0,0
50.50311401166787,female,1,1,0
54.67451570251926,male,1,0,1
26.264459406654325,male,2,1,1
38.648354445836496,female,1,1,0
34.66875231815304,female,2,1,0
76.18321212682856,male,2,0,1
46.79362367151865,female,2,0,0
28.0812361277885,male,3,1,1
15.666893390993614,male,3,1,1
5.903305196136412,male,3,1,1
33.051954538008346,female,3,0,0
18.65473882073545,female,1,1,0
8.666194356034886,male,1,1,1
20.301406736362104,male,3,0,1
13.776779945784074,male,1,1,1
55.30712452608847,male,1,0,1
43.224596354241754,male,2,1,1
29.88041038025074,female,2,1,0
52.19916208335039,male,2,0,1
31.160524614714273,female,2,0,0
17.080736980076047,male,1,1,1
52.84686115904486,female,3,0,0
38.08365065526988,female,1,1,0
14.441307685103155,female,1,1,0
27.144919828745877,female,1,1,0
16.865726199228643,female,2,1,0
9.25800403553496,female,2,1,0
43.892663212974625,male,2,1,1
58.64124960705196,female,3,0,0
9.02148639271288,male,1,0,1
38.444538550358565,female,3,1,0
20.240361463172597,female,2,0,0
22.69311924352956,male,3,1,1
21.114091136416963,female,1,0,0
17.040138454802758,male,1,1,1
30.727824419172403,male,2,1,1
17.535748253834434,male,2,1,1
34.056852386697585,male,3,1,1
29.246428358262946,female,2,1,0
26.415779297003855,female,2,1,0
16.386545069376034,male,1,1,1
21.34843004147501,female,2,1,0
41.33086838738634,female,2,0,0
37.51375781436571,male,1,0,1
15.336671328021735,female,1,0,0
31.48998458143839,male,3,1,1
41.27080685057683,male,2,1,1
4.958920783179423,female,1,1,0
38.15040288569902,female,3,0,0
20.0606436158123,female,3,0,0
38.55898002889739,male,2,1,1
18.551112651862248,male,2,1,1
2.926768490032213,female,3,1,0
5.586863431752562,female,1,0,0
30.721274199920728,female,3,1,0
33.89583752582223,female,2,1,0
16.435250623433873,male,1,1,1
39.57888688166061,female,1,0,0
5.077199065965601,male,3,0,1
29.00880302029025,male,2,1,1
11.834757003563151,female,3,1,0
20.222458382967613,female,3,1,0
30.71098006974621,female,3,1,0
17.093799520740713,male,1,1,1
24.23166683655262,female,1,1,0
45.094392138216605,female,2,0,0
21.34662195715277,male,2,0,1
42.535381680977125,female,3,0,0
13.05439718013573,male,3,0,1
37.947062668729245,female,3,1,0
51.6235293098685,male,2,1,1
-7.074667501909339,female,1,1,0
18.046571167942847,female,1,1,0
38.6560819077081,male,3,0,1
26.95431920935511,male,3,0,1
35.56718810056963,female,3,1,0
20.940222199262692,male,3,1,1
31.298846812093498,male,2,0,1
27.66484146911881,male,1,0,1
47.51673092489711,male,3,0,1
33.816312649518196,female,2,0,0
35.064039931128036,female,3,0,0
23.82184550816299,male,3,1,1
22.6859066389126,male,1,0,1
23.511627182705688,male,3,1,1
35.91678213567445,male,1,1,1
23.685232787696055,female,1,1,0
34.34662285344619,female,1,0,0
61.13101197968158,male,2,0,1
43.06687055147539,male,2,1,1
25.109647017482384,male,1,1,1
48.01820883245917,female,3,0,0
23.878869404676728,male,1,0,1
-0.5718680276678079,female,3,0,0
14.878705336238939,male,1,1,1
1.9381211846121644,female,3,1,0
24.72729773938037,male,2,1,1
30.276275687843274,female,3,1,0
55.146559684129244,male,1,0,1
34.90391060646244,male,2,1,1
26.713492067867037,male,3,0,1
42.441083717752335,female,3,1,0
-3.1670296351182756,male,3,1,1
33.53421837162849,female,3,1,0
41.562977908304504,female,3,1,0
7.821206313302376,male,2,0,1
47.15631064810394,male,2,1,1
35.07744611241621,male,2,1,1
23.770681291487982,female,2,1,0
39.491727991594274,male,1,0,1
64.06039286706593,female,2,1,0
32.72799382587743,female,3,1,0
33.723308794505044,male,3,1,1
23.10958650689634,male,2,0,1
17.252334458028123,male,3,1,1
42.455037248163684,male,2,1,1
17.15874261136699,male,3,1,1
31.073493558290888,male,1,0,1
22.835138298523248,female,1,1,0
37.18469738619588,female,2,1,0
35.00493157930423,female,2,0,0
45.563099163868486,male,2,0,1
22.349754017178796,female,3,1,0
25.95187597059943,female,2,1,0
15.31854426326539,female,1,1,0
23.335601098858326,female,3,1,0
35.65950739567278,female,2,1,0
41.35482924968028,male,3,0,1
16.167520137335618,male,3,1,1
43.044088801584905,female,2,0,0
50.33456788207427,female,3,0,0
36.20152354835551,female,1,1,0
58.151937188370994,male,1,1,1
18.393162013446407,male,3,1,1
11.330179450328746,female,2,0,0
3.3191962664358208,male,3,1,1
52.440664672337746,male,1,1,1
39.81548484531086,female,3,1,0
29.166229936343175,male,3,0,1
34.1995293947973,male,1,0,1
13.117664290524353,female,3,1,0
66.68627969425239,male,3,0,1
31.938317729628412,male,2,1,1
31.640921919073392,female,2,1,0
40.88649935848038,male,1,1,1
37.2151384760507,male,1,0,1
33.35826036418697,female,1,0,0
18.14288316832032,female,2,1,0
37.072025357039934,female,1,0,0
58.2303674471255,male,1,0,1
50.18130069232467,female,1,1,0
53.89779939959095,male,2,0,1
22.33176485353222,female,3,0,0
15.155927696121287,male,1,1,1
28.11319619850528,female,3,0,0
30.83587368433042,female,1,1,0
46.41287277706422,female,3,1,0
4.61303055427771,female,2,0,0
52.943254791909204,male,2,1,1
27.62988152131516,female,1,1,0
23.596783950788698,female,3,1,0
14.818434371097487,male,2,0,1
5.177149922013459,female,1,1,0
42.34755875942872,male,1,1,1
31.099769507826057,female,2,1,0
10.650586503884192,female,2,0,0
10.573818419045757,female,1,1,0
24.963229510648077,male,3,1,1
55.035322879340896,female,3,1,0
26.106129729545927,female,3,1,0
7.452855703228408,female,1,0,0
26.313854038710836,male,2,0,1
25.909146453784942,male,1,0,1
-10.453299644123575,female,2,1,0
29.18557700223282,male,3,0,1
26.53598204686983,female,3,0,0
40.44309547220128,female,2,0,0
57.73434142418018,female,2,0,0
46.89847544321636,female,1,0,0
25.96666964167754,female,3,1,0
13.402111368874944,female,1,1,0
68.60039704874791,female,1,0,0
30.888276510217324,male,1,0,1
30.208939378694193,male,3,1,1
29.63812369334995,male,1,0,1
32.971271411517826,male,1,0,1
27.834593821140864,male,1,0,1
21.395069896796457,male,1,1,1
21.79711588139412,male,1,0,1
29.508700946760023,female,1,1,0
21.848628432993525,female,3,1,0
19.307313259842534,female,1,0,0
31.596453415378452,female,2,1,0
26.17534173868717,male,1,1,1
52.559894828740326,male,1,0,1
-9.764547125895177,female,3,1,0
46.37260277883693,female,3,1,0
48.69127788746444,male,2,0,1
-1.10085348612224,female,2,0,0
24.859686088794767,female,3,0,0
24.428387010063126,female,3,0,0
8.887324579232683,female,1,1,0
18.33274968613687,male,3,0,1
13.341362318012568,female,2,1,0
56.28405665135434,female,1,1,0
44.035175897211914,male,2,1,1
49.07332642491238,male,1,1,1
40.82508096064853,female,3,0,0
13.06422343174156,male,2,1,1
22.132196005803394,female,1,1,0
37.34061841841877,female,1,0,0
11.668082866620818,male,3,1,1
40.69497645258582,female,3,1,0
26.395119027627974,female,3,0,0
24.377687886756036,female,2,1,0
40.664399523052374,female,1,0,0
36.6639496722906,male,3,1,1
24.5855075127138,male,2,0,1
47.38994705046372,female,2,0,0
13.784050086001539,male,2,1,1
39.239034104163956,female,3,1,0
38.89651886952576,female,3,1,0
25.356803410290148,female,1,0,0
34.89199533363177,female,1,1,0
11.233296354220457,female,3,1,0
43.860405288103514,male,2,1,1
27.226467953355165,female,2,1,0
22.159154692214408,male,2,1,1
45.73513838755334,male,1,1,1
19.43484464185861,female,2,0,0
8.873080554546604,female,1,0,0
6.650562397141442,female,1,0,0
39.0901492701846,female,2,0,0
10.793559712555755,female,2,1,0
56.32191272976547,male,3,1,1
-1.2289411182558325,female,3,1,0
55.44684552435057,female,2,1,0
33.16526200803928,male,1,0,1
28.549303321944116,male,1,1,1
21.826213697865754,female,1,1,0
35.987041715281066,male,1,1,1
29.435479463627274,female,1,1,0
46.54952823024782,male,3,1,1
31.713414729930594,male,2,1,1
32.25452642192816,female,3,1,0
24.54581681679216,male,1,1,1
29.145815644183987,male,1,1,1
34.61702653338089,male,1,1,1
4.347474110150618,male,1,1,1
9.777218668414307,male,2,1,1
41.148961410340725,male,1,0,1
32.562981571919124,female,2,1,0
27.240249954709814,female,1,0,0
30.276508995980898,male,2,0,1
35.21372558042506,female,3,0,0
21.903604795359577,female,1,1,0
18.32542911896531,female,2,1,0
32.93767882646522,male,3,1,1
15.32440833577452,female,1,0,0
36.12379133571708,male,1,0,1
4.461245936432395,female,1,1,0
45.437334559884654,male,2,0,1
37.08896223619564,male,2,0,1
33.840446014708135,female,3,1,0
44.74036475918271,female,2,0,0
54.98211666693865,male,2,0,1
45.21555097527195,female,1,1,0
2.386886530025322,female,1,1,0
10.806345498964475,female,1,1,0
20.627721334564818,male,1,0,1
30.391365753162507,male,1,1,1
37.76488530703685,female,1,0,0
19.113842802698016,female,1,1,0
32.80150146715617,female,3,0,0
18.66925601470016,male,3,1,1
20.827232955120778,male,3,1,1
8.900083547276665,female,3,1,0
16.151501308336435,female,1,1,0
9.724730915754996,female,3,0,0
15.36190120534001,female,1,0,0
45.80462694911759,female,3,0,0
15.759016667520855,female,2,1,0
69.48573097256086,male,3,1,1
37.39976851321334,female,3,1,0
32.77254185542311,male,1,0,1
17.124633297281797,female,3,1,0
40.50464819113487,female,2,0,0
21.36543260643339,male,1,0,1
31.83014721968042,male,1,0,1
68.40126807403192,male,3,0,1
28.55910150413025,male,1,1,1
47.23909989428513,female,1,1,0
19.45235362311169,male,1,0,1
29.475172642545573,female,1,1,0
56.56200953453265,male,1,1,1
20.59549413318349,female,1,0,0
57.186728369953926,female,2,1,0
40.616279031832136,female,3,0,0
21.562998361585986,female,2,0,0
39.48611608583281,female,1,1,0
44.58831674440095,female,1,0,0
39.327149433257944,male,3,1,1
6.446629201643155,female,2,1,0
19.09294236262697,male,3,1,1
26.28722046672743,male,2,1,1
28.883498563499305,female,1,1,0
39.31008146326017,male,3,0,1
32.66551501399881,female,3,0,0
9.969834619348482,male,1,1,1
35.70296776508945,female,3,0,0
39.15878617925735,male,2,1,1
38.396856718965594,female,2,1,0
46.21171088331933,female,2,1,0
42.50883231823356,female,2,1,0
36.88770118842655,female,1,0,0
28.947514328120295,male,3,1,1
5.085585997260129,female,2,0,0
36.44427328698879,male,1,1,1
33.115315307446664,male,3,1,1
34.0736825579306,male,3,1,1
10.84877136269536,female,1,1,0
13.784151893876064,male,1,0,1
45.797292799993556,male,2,0,1
29.406672692150174,male,3,1,1
40.22251046058936,female,3,1,0
30.424775641956916,female,1,0,0
30.44634209243618,male,3,1,1
44.074257089639964,female,2,1,0
22.25932907673939,female,3,1,0
31.44181165411475,male,1,1,1
23.065870669424363,male,1,0,1
23.482556588515266,female,2,1,0
25.36241814797041,male,2,0,1
33.33200657450569,female,3,1,0
22.81877067504784,female,3,1,0
48.83634188360281,female,1,1,0
16.58089046670744,female,2,1,0
27.196925337579614,female,2,1,0
23.404034125887378,female,2,1,0
51.704668265306,male,3,0,1
32.94832164767362,male,2,1,1
45.477668092029525,female,1,0,0
7.71659440444542,female,1,1,0
34.00575398803888,female,3,1,0
43.34446193435156,male,3,0,1
31.23425983913136,female,2,1,0
45.98220562598027,male,3,0,1
22.240673248494417,female,1,0,0
51.140211602783694,female,2,1,0
64.48347185428875,male,1,1,1
24.557421593405113,male,2,1,1
23.31746217898842,female,3,1,0
51.80076715676552,female,2,1,0
53.693582185960686,female,2,1,0
22.157099592700977,male,1,0,1
23.697197743562143,male,1,1,1
25.77323086709239,male,2,0,1
9.833242334485846,male,3,1,1
16.220220802737025,male,3,1,1
14.937888498718982,male,1,0,1
18.483036523438074,female,3,1,0
29.479726689198284,female,1,0,0
33.51322098804781,male,3,0,1
53.25750739221115,female,2,0,0
15.024689388918135,female,1,1,0
44.764835977148756,male,1,0,1
26.790167336617365,female,2,0,0
29.258044355213507,male,1,0,1
40.122292382499054,male,3,1,1
13.159169676565522,female,3,0,0
35.736146192760756,male,1,0,1
32.49678312319584,male,3,1,1
37.38676896012224,male,1,0,1
34.33752965861727,male,2,0,1
66.82950209866341,male,1,0,1
20.43390023623026,male,2,1,1
22.035045674972736,male,3,0,1
20.652892103628535,male,2,1,1
21.667843212596182,female,3,1,0
20.439193090402235,female,1,1,0
47.83524796661328,female,3,1,0
51.30756371984782,male,1,1,1
21.438805593757856,male,1,0,1
17.51466640343657,female,2,1,0
37.07123334579606,female,2,0,0
21.71665433578543,female,2,1,0
39.493977266332664,male,2,1,1
33.0438453127695,female,3,1,0
7.263838275041522,female,3,1,0
53.212578019950925,male,3,0,1
56.938165096432826,female,1,0,0
20.808169642734207,male,3,1,1
24.184476600960238,male,3,0,1
34.287980860873574,male,3,1,1
35.01685184980538,female,2,0,0
39.878164090092454,female,3,1,0
60.15306808149525,male,1,1,1
27.34579158758926,female,2,1,0
18.025541331923193,female,1,1,0
9.310211579782091,female,3,0,0
19.036049400871214,female,2,1,0
29.503095406893042,male,1,1,1
56.918367952766815,female,3,0,0
22.23583051445743,male,1,1,1
33.35681927458348,male,1,1,1
29.75365655890872,female,1,0,0
47.82589910172126,male,3,1,1
67.90398638810433,female,3,1,0
22.03696840619519,female,1,1,0
22.658408362226666,male,2,1,1
45.66241315603608,male,2,0,1
40.22837234439467,male,3,0,1
57.7006098860405,male,3,0,1
38.75892277988946,female,3,0,0
24.610618638194108,female,3,1,0
38.85982246038464,female,3,1,0
46.63055370874362,male,2,1,1
42.30723271796046,male,3,1,1
37.609110466609465,male,1,1,1
46.00012034383731,female,1,0,0
47.53943385668509,male,2,1,1
50.732384865562906,female,1,1,0
39.73064831384464,male,2,0,1
27.493228795247184,female,2,1,0
32.20070529649984,female,1,1,0
48.09763449762535,male,3,1,1
17.74596493519146,male,1,1,1
35.53009963309352,female,1,0,0
24.09991781508959,female,2,0,0
30.43117234402226,male,1,0,1
49.176777939109485,male,2,1,1
32.86648602029855,female,3,0,0
30.696548222342233,male,3,1,1
9.60215788530121,female,3,0,0
41.193803490408314,female,1,0,0
39.68226271711613,male,2,0,1
62.44882084958191,male,3,0,1
25.383326475704987,male,2,0,1
33.287254914959085,male,2,0,1
33.74075525566133,male,3,1,1
53.661799196452115,female,3,1,0
28.570567014195717,female,2,1,0
34.185322886555085,male,3,1,1
39.11844764574809,male,2,1,1
32.79913684734537,male,2,0,1
23.303495781742075,female,3,1,0
32.911349893474615,male,1,1,1
46.104476247896585,male,3,1,1
14.602270508834096,female,1,1,0
31.99454511220314,female,2,1,0
19.498187775912402,male,2,1,1
47.92569943387264,male,1,1,1
7.1521964282433785,male,2,0,1
21.616172290926173,female,1,0,0
35.658178125967815,male,1,1,1
53.482860438515104,male,2,1,1
29.013746083905183,male,1,1,1
21.672007099602023,female,3,0,0
58.21735604160885,female,3,1,0
8.279791493756338,male,2,1,1
-2.9820893493012264,male,2,1,1
36.60021675079999,female,1,1,0
22.469186634710834,female,1,1,0
14.681507743039301,female,1,1,0
40.6253467094903,female,1,0,0
33.65701070656798,female,3,0,0
21.538820538949075,female,3,0,0
10.795434019936582,female,2,0,0
43.08685992420217,female,1,0,0
39.753017669379915,female,1,1,0
28.512362043309256,male,2,0,1
57.69955494071499,male,1,0,1
13.948728505107713,male,1,1,1
7.117122436128916,female,1,1,0
19.62137895178133,male,1,0,1
29.316209754667533,female,1,0,0
33.65009173984038,female,2,1,0
26.38145913215505,male,1,0,1
35.28083094771445,female,2,1,0
11.226908637143339,male,1,1,1
51.65646906109889,male,3,1,1
28.767732324111467,male,3,0,1
46.75943747382192,female,3,0,0
35.14088019566556,male,3,0,1
36.85129828730676,female,2,1,0
38.546509203483055,male,2,1,1
36.715628400259725,male,1,1,1
39.64084139801316,male,3,1,1
49.93728795198647,female,2,0,0
32.94781754552205,female,1,1,0
40.63505636382769,female,1,1,0
28.6539645856916,male,2,1,1
51.601758231742096,male,3,0,1
19.854115469110955,female,1,1,0
57.01410649366223,female,3,1,0
29.397630740334847,female,3,1,0
8.538373468229278,female,3,1,0
31.921566223661838,female,1,1,0
19.78422513787679,female,3,1,0
42.60965323483086,male,1,1,1
20.210640310464136,female,3,1,0
23.307248501778304,male,1,1,1
1.6568890358170343,male,3,1,1
23.21540521126385,female,2,0,0
-6.35818989943435,female,3,0,0
6.2414576477141495,male,3,1,1
41.40621984216446,female,1,1,0
41.787002379762484,female,1,0,0
36.38186342677447,male,3,1,1
15.495357853061805,male,2,1,1
29.284329657870302,male,2,0,1
29.945961913641472,female,1,1,0
12.624529662111858,male,2,0,1
52.55097452650726,female,3,0,0
43.16043435863507,male,1,1,1
26.68553739255504,male,3,1,1
30.403287584917962,male,1,1,1
33.125742119213285,female,1,1,0
-0.6260230263643578,female,1,1,0
26.292339262191046,male,1,0,1
19.77023628003302,male,2,1,1
14.975699851576268,male,3,1,1
25.783495606710677,female,3,0,0
56.96529790274284,male,3,0,1
39.61264291900515,female,1,1,0
21.43231515325805,male,2,0,1
38.58874172034238,male,3,0,1
